River,Reach,Station,MAX_WL
Seomjin,main,136.000,146.615311
Seomjin,main,135.307,146.571716
Seomjin,main,135.200,145.863953
Seomjin,main,135.000,144.930817
Seomjin,main,134.800,144.344437
Seomjin,main,134.600,143.479507
Seomjin,main,134.400,142.754089
Seomjin,main,134.200,142.100662
Seomjin,main,134.000,141.172668
Seomjin,main,133.800,140.566589
Seomjin,main,133.600,140.371979
Seomjin,main,133.400,139.894714
Seomjin,main,133.200,139.398544
Seomjin,main,133.000,138.853699
Seomjin,main,132.800,137.980118
Seomjin,main,132.650,137.153091
Seomjin,main,132.600,136.929077
Seomjin,main,132.400,136.859497
Seomjin,main,132.268,136.625549
Seomjin,main,132.200,136.411743
Seomjin,main,132.000,135.982849
Seomjin,main,131.800,135.516068
Seomjin,main,131.727,134.435135
Seomjin,main,131.600,133.464661
Seomjin,main,131.400,133.108734
Seomjin,main,131.200,132.572525
Seomjin,main,131.000,132.003937
Seomjin,main,130.800,131.365967
Seomjin,main,130.600,130.795593
Seomjin,main,130.400,130.424042
Seomjin,main,130.200,130.157913
Seomjin,main,130.000,129.658173
Seomjin,main,129.800,129.157898
Seomjin,main,129.711,128.961792
Seomjin,main,129.600,128.791458
Seomjin,main,129.517,128.402939
Seomjin,main,129.466,128.280609
Seomjin,main,129.400,128.471924
Seomjin,main,129.200,128.435654
Seomjin,main,129.000,128.260803
Seomjin,main,128.846,128.169312
Seomjin,main,128.800,128.075226
Seomjin,main,128.600,127.714966
Seomjin,main,128.400,127.128983
Seomjin,main,128.200,126.618439
Seomjin,main,128.000,126.255432
Seomjin,main,127.845,126.063431
Seomjin,main,127.800,126.098228
Seomjin,main,127.723,126.169472
Seomjin,main,127.600,126.111519
Seomjin,main,127.400,125.891983
Seomjin,main,127.200,125.667976
Seomjin,main,127.000,125.474373
Seomjin,main,126.800,125.181763
Seomjin,main,126.600,124.791351
Seomjin,main,126.400,124.389526
Seomjin,main,126.200,123.889709
Seomjin,main,126.000,123.239899
Seomjin,main,125.905,122.412354
Seomjin,main,125.800,121.951065
Seomjin,main,125.605,121.813934
Seomjin,main,125.400,121.513336
Seomjin,main,125.200,121.276085
Seomjin,main,125.033,121.069862
Seomjin,main,124.800,120.881821
Seomjin,main,124.725,120.656570
Seomjin,main,124.600,120.278343
Seomjin,main,124.400,119.929413
Seomjin,main,124.200,119.560699
Seomjin,main,124.000,118.884933
Seomjin,main,123.800,118.188309
Seomjin,main,123.600,117.672920
Seomjin,main,123.378,117.197586
Seomjin,main,123.200,116.692101
Seomjin,main,123.000,116.025833
Seomjin,main,122.800,115.348145
Seomjin,main,122.600,114.729919
Seomjin,main,122.400,114.036392
Seomjin,main,122.200,113.487854
Seomjin,main,122.000,113.225830
Seomjin,main,121.800,113.039642
Seomjin,main,121.600,112.707527
Seomjin,main,121.400,112.330002
Seomjin,main,121.200,112.081520
Seomjin,main,121.000,111.750458
Seomjin,main,120.869,110.918167
Seomjin,main,120.800,110.429382
Seomjin,main,120.600,110.337677
Seomjin,main,120.400,110.164474
Seomjin,main,120.200,110.174911
Seomjin,main,120.000,109.718674
Seomjin,main,119.944,109.023636
Seomjin,main,119.800,108.489929
Seomjin,main,119.600,107.928062
Seomjin,main,119.477,107.549461
Seomjin,main,119.400,107.336075
Seomjin,main,119.200,107.042465
Seomjin,main,119.000,106.578140
Seomjin,main,118.800,106.095169
Seomjin,main,118.600,105.603645
Seomjin,main,118.400,105.029907
Seomjin,main,118.200,104.542221
Seomjin,main,118.000,104.304245
Seomjin,main,117.940,104.200623
Seomjin,main,117.800,103.983086
Seomjin,main,117.600,103.701752
Seomjin,main,117.400,103.368500
Seomjin,main,117.200,102.930679
Seomjin,main,117.029,102.611458
Seomjin,main,116.935,102.410507
Seomjin,main,116.800,102.131256
Seomjin,main,116.600,101.772980
Seomjin,main,116.400,101.213768
Seomjin,main,116.200,100.534714
Seomjin,main,116.000,100.225067
Seomjin,main,115.800,99.955826
Seomjin,main,115.600,99.325768
Seomjin,main,115.400,98.407242
Seomjin,main,115.349,97.764053
Seomjin,main,115.200,97.372162
Seomjin,main,115.096,97.218918
Seomjin,main,115.000,97.169067
Seomjin,main,114.800,96.744797
Seomjin,main,114.600,96.392761
Seomjin,main,114.400,96.136917
Seomjin,main,114.200,95.758667
Seomjin,main,114.000,95.211716
Seomjin,main,113.800,94.872284
Seomjin,main,113.600,94.713989
Seomjin,main,113.400,94.463921
Seomjin,main,113.263,94.221848
Seomjin,main,113.200,94.045906
Seomjin,main,113.000,93.695404
Seomjin,main,112.800,93.296005
Seomjin,main,112.600,92.993622
Seomjin,main,112.400,92.753693
Seomjin,main,112.200,92.605682
Seomjin,main,112.000,92.394295
Seomjin,main,111.800,92.138763
Seomjin,main,111.600,91.839218
Seomjin,main,111.400,91.633591
Seomjin,main,111.297,91.501038
Seomjin,main,111.200,91.204926
Seomjin,main,111.000,90.690956
Seomjin,main,110.800,90.245667
Seomjin,main,110.600,89.921814
Seomjin,main,110.400,89.613998
Seomjin,main,110.200,89.230347
Seomjin,main,110.106,88.876328
Seomjin,main,110.000,88.763222
Seomjin,main,109.800,88.622681
Seomjin,main,109.600,88.101761
Seomjin,main,109.539,87.720169
Seomjin,main,109.400,87.756561
Seomjin,main,109.200,87.449791
Seomjin,main,109.000,86.924927
Seomjin,main,108.861,86.363388
Seomjin,main,108.800,85.882675
Seomjin,main,108.600,85.474136
Seomjin,main,108.400,85.008842
Seomjin,main,108.200,84.841125
Seomjin,main,108.113,84.804390
Seomjin,main,108.000,84.656281
Seomjin,main,107.943,84.422028
Seomjin,main,107.800,84.243591
Seomjin,main,107.600,84.153976
Seomjin,main,107.400,83.965469
Seomjin,main,107.200,83.741226
Seomjin,main,107.000,83.581985
Seomjin,main,106.800,83.492439
Seomjin,main,106.600,83.396423
Seomjin,main,106.400,83.201736
Seomjin,main,106.200,83.097870
Seomjin,main,106.000,83.070663
Seomjin,main,105.956,82.960533
Seomjin,main,105.800,82.728409
Seomjin,main,105.600,82.412186
Seomjin,main,105.400,82.104912
Seomjin,main,105.200,81.964104
Seomjin,main,105.152,81.987991
Seomjin,main,104.977,81.872223
Seomjin,main,104.800,81.684326
Seomjin,main,104.600,81.561172
Seomjin,main,104.400,81.414169
Seomjin,main,104.200,81.230576
Seomjin,main,104.142,80.958115
Seomjin,main,104.000,80.734329
Seomjin,main,103.800,80.578041
Seomjin,main,103.671,80.452080
Seomjin,main,103.600,80.390320
Seomjin,main,103.400,80.295364
Seomjin,main,103.200,80.167282
Seomjin,main,103.000,80.040009
Seomjin,main,102.800,79.875595
Seomjin,main,102.718,79.725281
Seomjin,main,102.600,79.563324
Seomjin,main,102.474,79.276550
Seomjin,main,102.400,79.147583
Seomjin,main,102.200,78.916214
Seomjin,main,102.000,78.622803
Seomjin,main,101.800,78.585953
Seomjin,main,101.600,78.474365
Seomjin,main,101.400,78.293152
Seomjin,main,101.200,78.215813
Seomjin,main,101.000,78.126205
Seomjin,main,100.868,77.876251
Seomjin,main,100.800,77.747009
Seomjin,main,100.600,77.707977
Seomjin,main,100.400,77.553436
Seomjin,main,100.200,77.285492
Seomjin,main,100.147,77.049057
Seomjin,main,100.000,76.877930
Seomjin,main,99.800,76.597343
Seomjin,main,99.727,76.294128
Seomjin,main,99.600,76.185547
Seomjin,main,99.400,76.162537
Seomjin,main,99.200,76.041405
Seomjin,main,99.000,75.894272
Seomjin,main,98.800,75.728455
Seomjin,main,98.600,75.535095
Seomjin,main,98.400,75.299713
Seomjin,main,98.200,75.018318
Seomjin,main,98.000,74.774338
Seomjin,main,97.800,74.688248
Seomjin,main,97.656,74.741623
Seomjin,main,97.600,74.722076
Seomjin,main,97.400,74.535004
Seomjin,main,97.200,74.338760
Seomjin,main,97.049,74.230988
Seomjin,main,97.000,74.204689
Seomjin,main,96.800,74.160843
Seomjin,main,96.600,73.902702
Seomjin,main,96.400,73.634727
Seomjin,main,96.200,73.479736
Seomjin,main,96.000,73.337021
Seomjin,main,95.800,73.186905
Seomjin,main,95.600,72.857056
Seomjin,main,95.400,72.685608
Seomjin,main,95.346,72.740936
Seomjin,main,95.200,72.656738
Seomjin,main,95.000,72.441864
Seomjin,main,94.896,72.259636
Seomjin,main,94.800,72.216171
Seomjin,main,94.600,72.120827
Seomjin,main,94.400,71.941757
Seomjin,main,94.200,71.710266
Seomjin,main,94.000,71.451859
Seomjin,main,93.800,71.371025
Seomjin,main,93.600,71.402252
Seomjin,main,93.502,71.347168
Seomjin,main,93.400,71.178062
Seomjin,main,93.200,70.937714
Seomjin,main,93.000,70.699242
Seomjin,main,92.800,70.475754
Seomjin,main,92.600,70.090820
Seomjin,main,92.400,69.732872
Seomjin,main,92.200,69.465462
Seomjin,main,92.000,69.199181
Seomjin,main,91.868,69.069672
Seomjin,main,91.800,69.010818
Seomjin,main,91.600,68.901917
Seomjin,main,91.400,68.735901
Seomjin,main,91.200,68.559753
Seomjin,main,91.000,68.358002
Seomjin,main,90.800,68.287552
Seomjin,main,90.600,68.308716
Seomjin,main,90.400,68.281082
Seomjin,main,90.297,68.240097
Seomjin,main,90.200,68.201340
Seomjin,main,90.000,68.179558
Seomjin,main,89.800,68.147255
Seomjin,main,89.600,68.069641
Seomjin,main,89.400,67.950302
Seomjin,main,89.200,67.785454
Seomjin,main,89.000,67.595688
Seomjin,main,88.800,67.357651
Seomjin,main,88.600,67.152267
Seomjin,main,88.400,67.083702
Seomjin,main,88.200,67.041359
Seomjin,main,88.000,66.978752
Seomjin,main,87.800,66.945526
Seomjin,main,87.718,66.943726
Seomjin,main,87.600,66.941879
Seomjin,main,87.400,66.911621
Seomjin,main,87.200,66.859520
Seomjin,main,87.000,66.779984
Seomjin,main,86.800,66.628906
Seomjin,main,86.600,66.329727
Seomjin,main,86.400,65.802582
Seomjin,main,86.200,65.191391
Seomjin,main,86.000,64.527496
Seomjin,main,85.853,64.239540
Seomjin,main,85.800,64.260284
Seomjin,main,85.600,64.132141
Seomjin,main,85.400,63.874832
Seomjin,main,85.200,63.353271
Seomjin,main,85.000,62.891552
Seomjin,main,84.800,62.580292
Seomjin,main,84.600,62.089005
Seomjin,main,84.400,61.502827
Seomjin,main,84.200,61.002571
Seomjin,main,84.000,60.589523
Seomjin,main,83.800,60.209686
Seomjin,main,83.600,59.764874
Seomjin,main,83.400,59.343575
Seomjin,main,83.200,59.055950
Seomjin,main,83.000,58.755005
Seomjin,main,82.800,58.348114
Seomjin,main,82.737,58.079052
Seomjin,main,82.600,57.983658
Seomjin,main,82.400,57.633152
Seomjin,main,82.200,57.163937
Seomjin,main,82.000,56.723183
Seomjin,main,81.800,56.280350
Seomjin,main,81.600,56.032692
Seomjin,main,81.400,55.854546
Seomjin,main,81.200,55.643814
Seomjin,main,81.092,55.401657
Seomjin,main,81.000,55.234451
Seomjin,main,80.800,55.123386
Seomjin,main,80.677,55.060432
Seomjin,main,80.600,55.024475
Seomjin,main,80.400,54.937393
Seomjin,main,80.200,54.793671
Seomjin,main,80.000,54.629768
Seomjin,main,79.880,54.552441
Seomjin,main,79.800,54.528057
Seomjin,main,79.758,54.483826
Seomjin,main,79.600,54.440548
Seomjin,main,79.400,54.395599
Seomjin,main,79.200,54.344650
Seomjin,main,79.000,54.294037
Seomjin,main,78.800,54.194820
Seomjin,main,78.600,54.077042
Seomjin,main,78.400,53.992382
Seomjin,main,78.200,53.955299
Seomjin,main,78.000,53.963985
Seomjin,main,77.800,53.972626
Seomjin,main,77.700,53.962509
Seomjin,main,77.670,53.993675
Seomjin,main,77.613,53.879646
Seomjin,main,77.400,53.693047
Seomjin,main,77.200,53.539604
Seomjin,main,77.000,53.317360
Seomjin,main,76.800,53.033813
Seomjin,main,76.600,52.823002
Seomjin,main,76.400,52.754333
Seomjin,main,76.200,52.666275
Seomjin,main,76.000,52.535744
Seomjin,main,75.800,52.388695
Seomjin,main,75.753,52.300957
Seomjin,main,75.600,52.267113
Seomjin,main,75.400,52.207077
Seomjin,main,75.200,52.145332
Seomjin,main,75.000,52.133301
Seomjin,main,74.956,52.126022
Seomjin,main,74.800,52.097420
Seomjin,main,74.600,52.041817
Seomjin,main,74.400,51.970917
Seomjin,main,74.200,51.902393
Seomjin,main,74.000,51.850506
Seomjin,main,73.800,51.823990
Seomjin,main,73.600,51.805660
Seomjin,main,73.416,51.775604
Seomjin,main,73.364,51.739777
Seomjin,main,73.200,51.694641
Seomjin,main,73.000,51.644173
Seomjin,main,72.800,51.596424
Seomjin,main,72.600,51.530815
Seomjin,main,72.400,51.459625
Seomjin,main,72.200,51.320229
Seomjin,main,71.964,51.003609
Seomjin,main,71.800,50.674126
Seomjin,main,71.600,50.463036
Seomjin,main,71.400,50.202812
Seomjin,main,71.200,49.831070
Seomjin,main,71.000,49.546612
Seomjin,main,70.800,49.407921
Seomjin,main,70.600,49.260422
Seomjin,main,70.400,49.177727
Seomjin,main,70.200,49.060684
Seomjin,main,70.000,48.654366
Seomjin,main,69.800,48.386162
Seomjin,main,69.667,48.350353
Seomjin,main,69.600,48.257347
Seomjin,main,69.400,48.097847
Seomjin,main,69.200,47.782902
Seomjin,main,69.000,47.297951
Seomjin,main,68.800,46.850555
Seomjin,main,68.600,46.699108
Seomjin,main,68.400,46.772064
Seomjin,main,68.200,46.774952
Seomjin,main,68.000,46.565022
Seomjin,main,67.800,46.270020
Seomjin,main,67.600,46.100647
Seomjin,main,67.432,46.094109
Seomjin,main,67.200,46.017414
Seomjin,main,67.152,45.846954
Seomjin,main,67.000,45.714455
Seomjin,main,66.800,45.548042
Seomjin,main,66.600,45.446304
Seomjin,main,66.421,45.397831
Seomjin,main,66.336,45.212601
Seomjin,main,66.200,44.955963
Seomjin,main,66.000,44.588058
Seomjin,main,65.800,44.335243
Seomjin,main,65.600,44.241600
Seomjin,main,65.400,44.077805
Seomjin,main,65.200,43.990192
Seomjin,main,65.000,44.004379
Seomjin,main,64.800,44.055340
Seomjin,main,64.715,44.060234
Seomjin,main,64.600,43.972824
Seomjin,main,64.400,43.829887
Seomjin,main,64.200,43.690414
Seomjin,main,64.000,43.537514
Seomjin,main,63.800,43.329842
Seomjin,main,63.600,43.174232
Seomjin,main,63.400,43.079140
Seomjin,main,63.200,42.990013
Seomjin,main,63.000,42.916161
Seomjin,main,62.800,42.835354
Seomjin,main,62.600,42.743130
Seomjin,main,62.400,42.664436
Seomjin,main,62.162,42.676086
Seomjin,main,62.000,42.798031
Seomjin,boseong,25.970,69.099258
Seomjin,boseong,25.770,69.082687
Seomjin,boseong,25.570,69.344315
Seomjin,boseong,25.370,68.845673
Seomjin,boseong,25.283,67.868675
Seomjin,boseong,25.170,67.523514
Seomjin,boseong,24.970,67.183395
Seomjin,boseong,24.744,66.819969
Seomjin,boseong,24.542,66.607529
Seomjin,boseong,24.370,66.441132
Seomjin,boseong,24.287,66.147705
Seomjin,boseong,24.170,65.900734
Seomjin,boseong,23.970,65.689049
Seomjin,boseong,23.740,65.444046
Seomjin,boseong,23.540,65.206047
Seomjin,boseong,23.340,64.880585
Seomjin,boseong,23.140,64.475677
Seomjin,boseong,22.940,64.129761
Seomjin,boseong,22.740,63.892792
Seomjin,boseong,22.540,63.593254
Seomjin,boseong,22.340,63.344208
Seomjin,boseong,22.162,63.168587
Seomjin,boseong,22.103,62.953991
Seomjin,boseong,21.940,62.789680
Seomjin,boseong,21.740,62.703548
Seomjin,boseong,21.540,62.671478
Seomjin,boseong,21.320,62.610947
Seomjin,boseong,21.170,62.504761
Seomjin,boseong,20.970,62.422997
Seomjin,boseong,20.800,62.351349
Seomjin,boseong,20.590,62.193657
Seomjin,boseong,20.390,61.983612
Seomjin,boseong,20.190,61.773098
Seomjin,boseong,19.990,61.486557
Seomjin,boseong,19.790,61.213100
Seomjin,boseong,19.575,61.035210
Seomjin,boseong,19.375,60.923370
Seomjin,boseong,19.160,60.803284
Seomjin,boseong,18.960,60.613392
Seomjin,boseong,18.760,60.444939
Seomjin,boseong,18.560,60.369423
Seomjin,boseong,18.360,60.328220
Seomjin,boseong,18.160,60.230152
Seomjin,boseong,17.970,60.033779
Seomjin,boseong,17.770,59.815376
Seomjin,boseong,17.570,59.647404
Seomjin,boseong,17.370,59.468086
Seomjin,boseong,17.170,59.293274
Seomjin,boseong,16.970,59.121693
Seomjin,boseong,16.796,58.826324
Seomjin,boseong,16.648,58.556854
Seomjin,boseong,16.555,58.492210
Seomjin,boseong,16.355,58.393425
Seomjin,boseong,16.155,58.229538
Seomjin,boseong,15.960,58.093910
Seomjin,boseong,15.765,57.946793
Seomjin,boseong,15.565,57.804443
Seomjin,boseong,15.365,57.654907
Seomjin,boseong,15.165,57.500862
Seomjin,boseong,14.965,57.343449
Seomjin,boseong,14.770,57.092136
Seomjin,boseong,14.570,56.867088
Seomjin,boseong,14.385,56.578487
Seomjin,boseong,14.190,56.316921
Seomjin,boseong,13.990,56.198555
Seomjin,boseong,13.790,56.074173
Seomjin,boseong,13.590,56.070061
Seomjin,boseong,13.395,56.055866
Seomjin,boseong,13.190,55.943443
Seomjin,boseong,12.990,55.736954
Seomjin,boseong,12.805,55.450985
Seomjin,boseong,12.610,55.192535
Seomjin,boseong,12.410,54.970551
Seomjin,boseong,12.210,54.745667
Seomjin,boseong,12.010,54.490662
Seomjin,boseong,11.810,54.265827
Seomjin,boseong,11.733,54.138168
Seomjin,boseong,11.610,54.069237
Seomjin,boseong,11.410,53.924698
Seomjin,boseong,11.210,53.539291
Seomjin,boseong,11.010,53.174759
Seomjin,boseong,10.810,52.932865
Seomjin,boseong,10.600,52.712425
Seomjin,boseong,10.400,52.506348
Seomjin,boseong,10.200,52.180981
Seomjin,boseong,10.000,51.942741
Seomjin,boseong,9.800,51.760735
Seomjin,boseong,9.600,51.341396
Seomjin,boseong,9.400,51.004272
Seomjin,boseong,9.200,50.778030
Seomjin,boseong,9.000,50.522537
Seomjin,boseong,8.800,50.321503
Seomjin,boseong,8.600,50.152435
Seomjin,boseong,8.400,50.079166
Seomjin,boseong,8.200,49.992851
Seomjin,boseong,8.000,49.739986
Seomjin,boseong,7.800,49.362751
Seomjin,boseong,7.600,48.986313
Seomjin,boseong,7.400,48.535126
Seomjin,boseong,7.200,48.009880
Seomjin,boseong,7.000,47.767639
Seomjin,boseong,6.800,47.546471
Seomjin,boseong,6.600,47.165215
Seomjin,boseong,6.400,46.910900
Seomjin,boseong,6.200,46.700668
Seomjin,boseong,6.000,46.593155
Seomjin,boseong,5.800,46.423820
Seomjin,boseong,5.600,46.092072
Seomjin,boseong,5.400,45.708061
Seomjin,boseong,5.285,45.419479
Seomjin,boseong,5.200,45.215652
Seomjin,boseong,5.000,45.190968
Seomjin,boseong,4.800,45.220772
Seomjin,boseong,4.600,45.007469
Seomjin,boseong,4.400,44.773544
Seomjin,boseong,4.200,44.575684
Seomjin,boseong,4.000,44.260460
Seomjin,boseong,3.790,43.953236
Seomjin,boseong,3.590,43.734123
Seomjin,boseong,3.390,43.540184
Seomjin,boseong,3.190,43.384048
Seomjin,boseong,2.990,43.345695
Seomjin,boseong,2.790,43.311058
Seomjin,boseong,2.600,43.234718
Seomjin,boseong,2.400,43.233025
Seomjin,boseong,2.200,43.172359
Seomjin,boseong,2.000,43.043545
Seomjin,boseong,1.800,42.991249
Seomjin,boseong,1.600,42.952858
Seomjin,boseong,1.400,42.867367
Seomjin,boseong,1.200,42.811974
Seomjin,boseong,1.000,42.793549
Seomjin,boseong,0.800,42.753456
Seomjin,boseong,0.600,42.719948
Seomjin,boseong,0.400,42.705307
Seomjin,boseong,0.170,42.721531
Seomjin,boseong,0.000,42.770000
Seomjin,boseong,-1.000,42.798031
Seomjin,main_down,61.800,42.798031
Seomjin,main_down,61.667,41.562702
Seomjin,main_down,61.600,40.896957
Seomjin,main_down,61.400,40.651623
Seomjin,main_down,61.200,40.416008
Seomjin,main_down,61.000,40.237377
Seomjin,main_down,60.800,40.078602
Seomjin,main_down,60.600,39.924633
Seomjin,main_down,60.400,39.629616
Seomjin,main_down,60.200,39.080933
Seomjin,main_down,60.106,38.719658
Seomjin,main_down,60.000,38.774658
Seomjin,main_down,59.800,38.807011
Seomjin,main_down,59.600,38.727409
Seomjin,main_down,59.400,38.579674
Seomjin,main_down,59.200,38.240746
Seomjin,main_down,59.000,37.785042
Seomjin,main_down,58.800,37.343277
Seomjin,main_down,58.600,37.241467
Seomjin,main_down,58.400,37.387039
Seomjin,main_down,58.200,37.212418
Seomjin,main_down,58.000,36.887306
Seomjin,main_down,57.800,36.735130
Seomjin,main_down,57.600,36.603073
Seomjin,main_down,57.528,36.514954
Seomjin,main_down,57.400,36.455231
Seomjin,main_down,57.200,36.247921
Seomjin,main_down,57.000,36.068333
Seomjin,main_down,56.800,35.856434
Seomjin,main_down,56.600,35.558712
Seomjin,main_down,56.400,35.230778
Seomjin,main_down,56.200,34.723248
Seomjin,main_down,56.000,34.343761
Seomjin,main_down,55.800,34.185188
Seomjin,main_down,55.600,34.008209
Seomjin,main_down,55.400,33.800652
Seomjin,main_down,55.200,33.618210
Seomjin,main_down,55.127,33.492439
Seomjin,main_down,55.000,33.419605
Seomjin,main_down,54.920,33.473511
Seomjin,main_down,54.800,33.360542
Seomjin,main_down,54.600,33.141190
Seomjin,main_down,54.400,33.044518
Seomjin,main_down,54.200,32.861061
Seomjin,main_down,53.983,32.608864
Seomjin,main_down,53.800,32.502602
Seomjin,main_down,53.600,32.514534
Seomjin,main_down,53.400,32.514305
Seomjin,main_down,53.200,32.487801
Seomjin,main_down,53.108,32.375866
Seomjin,main_down,53.000,32.277962
Seomjin,main_down,52.917,32.277107
Seomjin,main_down,52.800,31.974651
Seomjin,main_down,52.600,31.493298
Seomjin,main_down,52.400,31.183462
Seomjin,main_down,52.200,31.018547
Seomjin,main_down,52.000,30.845581
Seomjin,main_down,51.800,30.579586
Seomjin,main_down,51.600,30.428293
Seomjin,main_down,51.400,30.362339
Seomjin,main_down,51.200,30.223780
Seomjin,main_down,51.000,30.077452
Seomjin,main_down,50.800,29.961754
Seomjin,main_down,50.600,29.841076
Seomjin,main_down,50.400,29.737820
Seomjin,main_down,50.247,29.622448
Seomjin,main_down,50.200,29.527763
Seomjin,main_down,50.000,29.453197
Seomjin,main_down,49.800,29.392399
Seomjin,main_down,49.600,29.327690
Seomjin,main_down,49.400,29.243895
Seomjin,main_down,49.200,29.160885
Seomjin,main_down,48.995,29.073387
Seomjin,main_down,48.842,29.033857
Seomjin,main_down,48.800,29.008791
Seomjin,main_down,48.600,28.923754
Seomjin,main_down,48.400,28.824234
Seomjin,main_down,48.200,28.745512
Seomjin,main_down,48.000,28.679108
Seomjin,main_down,47.800,28.647549
Seomjin,main_down,47.600,28.623344
Seomjin,main_down,47.555,28.571239
Seomjin,main_down,47.400,28.500652
Seomjin,main_down,47.276,28.425835
Seomjin,main_down,47.200,28.365376
Seomjin,main_down,47.000,28.312119
Seomjin,main_down,46.800,28.277349
Seomjin,main_down,46.600,28.154053
Seomjin,main_down,46.400,27.953541
Seomjin,main_down,46.200,27.871613
Seomjin,main_down,46.000,27.811295
Seomjin,main_down,45.800,27.616974
Seomjin,main_down,45.600,27.382275
Seomjin,main_down,45.400,27.244492
Seomjin,main_down,45.200,27.163620
Seomjin,main_down,45.000,27.086357
Seomjin,main_down,44.800,26.988747
Seomjin,main_down,44.600,26.837029
Seomjin,main_down,44.400,26.691294
Seomjin,main_down,44.200,26.547211
Seomjin,main_down,44.000,26.329067
Seomjin,main_down,43.800,26.112926
Seomjin,main_down,43.600,26.002911
Seomjin,main_down,43.400,25.943071
Seomjin,main_down,43.200,25.909605
Seomjin,main_down,43.000,25.894321
Seomjin,main_down,42.800,25.852604
Seomjin,main_down,42.600,25.835945
Seomjin,main_down,42.526,25.850410
Seomjin,main_down,42.400,25.845879
Seomjin,main_down,42.200,25.814911
Seomjin,main_down,42.000,25.752430
Seomjin,main_down,41.800,25.629248
Seomjin,main_down,41.614,25.422585
Seomjin,main_down,41.400,25.257231
Seomjin,main_down,41.200,25.139456
Seomjin,main_down,41.000,25.007399
Seomjin,main_down,40.800,24.920345
Seomjin,main_down,40.600,24.809359
Seomjin,main_down,40.400,24.551231
Seomjin,main_down,40.200,24.261696
Seomjin,main_down,40.000,23.897924
Seomjin,main_down,39.800,23.501682
Seomjin,main_down,39.600,23.220230
Seomjin,main_down,39.400,23.131088
Seomjin,main_down,39.200,23.166317
Seomjin,main_down,39.000,22.986847
Seomjin,main_down,38.800,22.761873
Seomjin,main_down,38.600,22.285089
Seomjin,main_down,38.400,21.972454
Seomjin,main_down,38.200,22.087234
Seomjin,main_down,38.000,21.971458
Seomjin,main_down,37.800,21.669479
Seomjin,main_down,37.600,21.565847
Seomjin,main_down,37.400,21.537231
Seomjin,main_down,37.200,21.265739
Seomjin,main_down,37.000,20.936840
Seomjin,main_down,36.948,20.773157
Seomjin,main_down,36.800,20.812653
Seomjin,main_down,36.600,20.714043
Seomjin,main_down,36.400,20.445923
Seomjin,main_down,36.200,20.306778
Seomjin,main_down,36.000,20.304935
Seomjin,main_down,35.800,20.141506
Seomjin,main_down,35.600,19.815769
Seomjin,main_down,35.400,19.504414
Seomjin,main_down,35.200,19.321815
Seomjin,main_down,35.000,19.271532
Seomjin,main_down,34.858,19.192818
Seomjin,main_down,34.800,19.110155
Seomjin,main_down,34.600,18.941174
Seomjin,main_down,34.400,18.677088
Seomjin,main_down,34.200,18.373985
Seomjin,main_down,34.000,18.125103
Seomjin,main_down,33.800,18.097479
Seomjin,main_down,33.500,18.199188
Seomjin,main_down,33.390,18.249199
Seomjin,main_down,33.000,18.213829
Seomjin,main_down,32.942,18.124599
Seomjin,main_down,32.500,17.805807
Seomjin,main_down,32.000,17.275688
Seomjin,main_down,31.500,16.889980
Seomjin,main_down,31.000,16.642757
Seomjin,main_down,30.500,16.269552
Seomjin,main_down,30.000,15.899333
Seomjin,main_down,29.500,15.778924
Seomjin,main_down,29.000,15.664009
Seomjin,main_down,28.500,15.124802
Seomjin,main_down,28.000,14.528002
Seomjin,main_down,27.500,14.151810
Seomjin,main_down,27.000,13.809832
Seomjin,main_down,26.500,13.509182
Seomjin,main_down,26.000,13.168445
Seomjin,main_down,25.500,12.934801
Seomjin,main_down,25.000,12.794003
Seomjin,main_down,24.500,12.649652
Seomjin,main_down,24.000,12.434164
Seomjin,main_down,23.500,12.086044
Seomjin,main_down,23.000,11.827116
Seomjin,main_down,22.500,11.696693
Seomjin,main_down,22.000,11.593415
Seomjin,main_down,21.679,11.500129
Seomjin,main_down,21.500,11.381642
Seomjin,main_down,21.000,11.163557
Seomjin,main_down,20.500,10.896136
Seomjin,main_down,20.000,10.717281
Seomjin,main_down,19.926,10.591545
Seomjin,main_down,19.500,10.382984
Seomjin,main_down,19.000,10.156905
Seomjin,main_down,18.500,10.004438
Seomjin,main_down,18.000,9.840800
Seomjin,main_down,17.500,9.588901
Seomjin,main_down,17.000,9.420286
Seomjin,main_down,16.516,9.351091
Seomjin,main_down,16.000,9.176712
Seomjin,main_down,15.500,8.900471
Seomjin,main_down,15.000,8.609615
Seomjin,main_down,14.797,8.394764
Seomjin,main_down,14.500,8.274361
Seomjin,main_down,14.353,8.136593
Seomjin,main_down,14.000,7.880743
Seomjin,main_down,13.736,7.637180
Seomjin,main_down,13.500,7.555644
Seomjin,main_down,13.000,7.527793
Seomjin,main_down,12.836,7.486795
Seomjin,main_down,12.500,7.430820
Seomjin,main_down,12.000,7.245613
Seomjin,main_down,11.500,6.911539
Seomjin,main_down,11.000,6.590655
Seomjin,main_down,10.500,6.434328
Seomjin,main_down,10.144,6.397648
Seomjin,main_down,10.000,6.333255
Seomjin,main_down,9.923,6.255774
Seomjin,main_down,9.500,6.172292
Seomjin,main_down,9.000,5.976113
Seomjin,main_down,8.500,5.746550
Seomjin,main_down,8.000,5.589159
Seomjin,main_down,7.500,5.430470
Seomjin,main_down,7.127,5.258449
Seomjin,main_down,7.000,5.091572
Seomjin,main_down,6.500,4.787656
Seomjin,main_down,6.000,4.427762
Seomjin,main_down,5.500,4.199896
Seomjin,main_down,5.000,4.056120
Seomjin,main_down,4.712,3.943490
Seomjin,main_down,4.500,3.858987
Seomjin,main_down,4.101,3.793622
Seomjin,main_down,4.000,3.657269
Seomjin,main_down,3.500,3.414179
Seomjin,main_down,3.000,3.123259
Seomjin,main_down,2.500,2.893205
Seomjin,main_down,2.192,2.757614
Seomjin,main_down,2.000,2.601645
Seomjin,main_down,1.500,2.465481
Seomjin,main_down,1.000,2.405714
Seomjin,main_down,0.500,2.261025
Seomjin,main_down,0.000,2.058757
Seomjin,main_down,-1.000,1.988296
Seomjin,main_down,-2.000,1.989961
